age	sex	bmi	children	smoker	region	charges
61	male	23.655	0	no	northeast	13129.60345
62	male	32.015	0	yes	northeast	45710.20785
49	male	28.69	3	no	northwest	10264.4421
60	female	35.1	0	no	southwest	12644.589
41	female	21.755	1	no	northeast	13725.47184
54	female	32.3	1	no	northeast	11512.405
20	male	27.93	0	no	northeast	1967.0227
27	male	23.1	0	no	southeast	2483.736
52	male	27.36	0	yes	northwest	24393.6224
33	female	39.82	1	no	southeast	4795.6568
63	male	35.09	0	yes	southeast	47055.5321
52	female	24.86	0	no	southeast	27117.99378
19	female	33.11	0	yes	southeast	34439.8559
41	male	28.405	1	no	northwest	6664.68595
21	male	26.03	0	no	northeast	2102.2647
63	female	23.085	0	no	northeast	14451.83515
32	male	33.63	1	yes	northeast	37607.5277
47	male	19.57	1	no	northwest	8428.0693
52	female	18.335	0	no	northwest	9991.03765
34	male	35.815	0	no	northwest	4320.41085
19	female	30.59	2	no	northwest	24059.68019
25	female	24.3	3	no	southwest	4391.652
43	female	25.08	0	no	northeast	7325.0482
45	male	39.805	0	no	northeast	7448.40395
41	female	28.31	1	no	northwest	7153.5539
19	female	20.6	0	no	southwest	1731.677
40	male	19.8	1	yes	southeast	17179.522
60	male	32.8	0	yes	southwest	52590.82939
18	female	25.08	0	no	northeast	2196.4732
38	male	19.3	0	yes	southwest	15820.699
21	female	32.68	2	no	northwest	26018.95052
56	female	25.3	0	no	southwest	11070.535
26	male	31.065	0	no	northwest	2699.56835
19	male	30.25	0	yes	southeast	32548.3405
40	female	28.12	1	yes	northeast	22331.5668
38	male	28.025	1	no	northeast	6067.12675
51	female	25.8	1	no	southwest	9861.025
19	male	26.03	1	yes	northwest	16450.8947
44	female	29.81	2	no	southeast	8219.2039
33	male	29.4	4	no	southwest	6059.173
56	female	41.91	0	no	southeast	11093.6229
53	male	34.105	0	yes	northeast	43254.41795
18	male	34.43	0	no	southeast	1137.4697
24	female	27.6	0	no	southwest	18955.22017
24	male	32.7	0	yes	southwest	34472.841
48	female	35.91	1	no	northeast	26392.26029
43	male	23.2	0	no	southwest	6250.435
27	male	18.905	3	no	northeast	4827.90495
20	male	33.33	0	no	southeast	1391.5287
18	male	25.175	0	yes	northeast	15518.18025
18	male	23.21	0	no	southeast	1121.8739
24	male	29.83	0	yes	northeast	18648.4217
52	female	31.73	2	no	northwest	11187.6567
55	male	38.28	0	no	southeast	10226.2842
33	female	35.53	0	yes	northwest	55135.40209
63	female	21.66	0	no	northeast	14449.8544
38	female	27.265	1	no	northeast	6555.07035
39	male	35.3	2	yes	southwest	40103.89
49	male	30.9	0	yes	southwest	39727.614
23	female	31.4	0	yes	southwest	34166.273
50	male	37.07	1	no	southeast	9048.0273
48	male	30.78	3	no	northeast	10141.1362
64	female	31.825	2	no	northeast	16069.08475
39	female	41.8	0	no	southeast	5662.225
39	female	24.225	5	no	northwest	8965.79575
48	male	30.2	2	no	southwest	8968.33
63	female	32.2	2	yes	southwest	47305.305
37	female	26.4	0	yes	southeast	19539.243
37	female	34.8	2	yes	southwest	39836.519
48	female	28.9	0	no	southwest	8277.523
35	female	35.86	2	no	southeast	5836.5204
21	male	31.02	0	no	southeast	16586.49771
38	male	34.7	2	no	southwest	6082.405
26	female	28.785	0	no	northeast	3385.39915
28	male	35.435	0	no	northeast	3268.84665
44	male	39.52	0	no	northwest	6948.7008
29	female	24.6	2	no	southwest	4529.477
18	female	26.73	0	no	southeast	1615.7667
32	female	41.1	0	no	southwest	3989.841
45	female	25.175	2	no	northeast	9095.06825
51	male	23.21	1	yes	southeast	22218.1149
34	female	19	3	no	northeast	6753.038
63	female	25.08	0	no	northwest	14254.6082
44	male	25.365	1	no	northwest	7518.02535
64	female	31.3	2	yes	southwest	47291.055
31	male	25.9	3	yes	southwest	19199.944
19	female	17.8	0	no	southwest	1727.785
32	female	44.22	0	no	southeast	3994.1778
64	female	30.115	3	no	northwest	16455.70785
39	male	34.1	2	no	southeast	23563.01618
26	female	34.2	2	no	southwest	3987.926
61	female	36.385	1	yes	northeast	48517.56315
43	male	30.115	3	no	northwest	8410.04685
23	female	28.49	1	yes	southeast	18328.2381
58	female	28.215	0	no	northwest	12224.35085
18	male	29.37	1	no	southeast	1719.4363
55	female	29.83	0	no	northeast	11286.5387
36	male	28.025	1	yes	northeast	20773.62775
20	female	33	0	no	southeast	1880.07
19	female	32.9	0	no	southwest	1748.774
22	male	25.175	0	no	northwest	2045.68525
50	female	23.54	2	no	southeast	10107.2206
45	female	27.645	1	no	northwest	28340.18885
18	female	38.28	0	no	southeast	14133.03775
33	female	18.5	1	no	southwest	4766.022
50	female	26.22	2	no	northwest	10493.9458
39	male	32.34	2	no	southeast	6338.0756
40	male	41.69	0	no	southeast	5438.7491
37	female	27.74	3	no	northwest	7281.5056
36	female	19.855	0	no	northeast	5458.04645
34	female	27.5	1	no	southwest	5003.853
63	female	37.7	0	yes	southwest	48824.45
34	male	22.42	2	no	northeast	27375.90478
18	female	30.115	0	no	northeast	21344.8467
18	male	25.46	0	no	northeast	1708.0014
53	female	35.9	2	no	southwest	11163.568
63	female	36.3	0	no	southeast	13887.204
62	female	31.73	0	no	northeast	14043.4767
55	male	29.9	0	no	southwest	10214.636
64	male	37.905	0	no	northwest	14210.53595
33	male	27.455	2	no	northwest	5261.46945
51	female	38.06	0	yes	southeast	44400.4064
21	male	28.975	0	no	northwest	1906.35825
19	male	36.955	0	yes	northwest	36219.40545
25	male	27.55	0	no	northwest	2523.1695
26	female	22.23	0	no	northwest	3176.2877
46	male	42.35	3	yes	southeast	46151.1245
54	male	39.6	1	no	southwest	10450.552
55	male	27.645	0	no	northwest	10594.50155
19	female	30.495	0	no	northwest	2128.43105
53	male	31.16	1	no	northwest	10461.9794
49	female	36.63	3	no	southeast	10381.4787
61	male	38.38	0	no	northwest	12950.0712
61	female	35.91	0	no	northeast	13635.6379
